Type, K, N, Mean, Variance
Squarish,5,2000,137.342,6.60822
Squarish,5,2000,162.626,8.06784
Squarish,5,2000,177.803,9.8331
Squarish,5,2000,191.369,9.21987
Squarish,5,2000,196.074,10.663
