Type, K, N, Mean, Variance
Squarish,2,2000,23.0837,1.11222
Squarish,2,2000,24.978,1.14943
Squarish,2,2000,26.0725,1.14371
Squarish,2,2000,26.9509,1.17855
Squarish,2,2000,27.3147,1.06916
