Type, K, N, Mean, Variance
Squarish,3,2000,40.9721,1.97953
Squarish,3,2000,44.884,2.2261
Squarish,3,2000,47.0422,2.22104
Squarish,3,2000,48.9143,2.2344
Squarish,3,2000,50.5174,2.64098
