Type, K, N, Mean, Variance
Squarish,4,2000,75.5801,4.03422
Squarish,4,2000,86.5338,4.23482
Squarish,4,2000,92.4639,4.28824
Squarish,4,2000,97.3854,5.49336
Squarish,4,2000,99.4015,4.5064
