Type, K, N, Mean, Variance
Standard,2,2000,22.8593,0.947175
Standard,2,2000,25.0709,1.32316
Standard,2,2000,25.9628,1.08862
Standard,2,2000,26.878,1.04583
Standard,2,2000,27.3392,1.10052
