Type, K, N, Mean, Variance
Standard,3,2000,41.1358,2.18093
Standard,3,2000,45.2286,2.15573
Standard,3,2000,47.5876,2.07683
Standard,3,2000,48.9428,2.24473
Standard,3,2000,50.241,2.1753
